{"text": " Good morning. I'm trying to figure out the next steps for NanoBot and I would like your opinion on what works, what doesn't and yes I feel free to test around, do multi-step calls and stay on your current working folder please.", "segments": [{"id": 0, "seek": 0, "start": 0.0, "end": 12.72, "text": " Good morning. I'm trying to figure out the next steps for NanoBot and I would", "tokens": [50364, 2205, 2446, 13, 286, 478, 1382, 281, 2573, 484, 264, 958, 4439, 337, 43511, 33, 310, 293, 286, 576, 51000], "temperature": 0.0, "avg_logprob": -0.266276790982201, "compression_ratio": 1.2583333333333333, "no_speech_prob": 0.3233971893787384}, {"id": 1, "seek": 0, "start": 12.72, "end": 22.04, "text": " like your opinion on what works, what doesn't and yes I feel free to test", "tokens": [51000, 411, 428, 4800, 322, 437, 1985, 11, 437, 1177, 380, 293, 2086, 286, 841, 1737, 281, 1500, 51466], "temperature": 0.0, "avg_logprob": -0.266276790982201, "compression_ratio": 1.2583333333333333, "no_speech_prob": 0.3233971893787384}, {"id": 2, "seek": 2204, "start": 22.04, "end": 37.04, "text": " around, do multi-step calls and stay on your current working folder please.", "tokens": [50364, 926, 11, 360, 4825, 12, 16792, 5498, 293, 1754, 322, 428, 2190, 1364, 10820, 1767, 13, 51114], "temperature": 0.0, "avg_logprob": -0.3946273201390317, "compression_ratio": 1.056338028169014, "no_speech_prob": 0.10426172614097595}], "language": "en"}